{
    "pan": -0.058289501894212656,
    "tilt": -0.0036471509258078137,
    "focal_length": 24.989548
}
